# Service-linked roles: the role name AWS mints for a principal, and whether the service
# takes a CustomSuffix.
#
# Columns: principal, role name, suffix support, source.
#
# Generated by tools/slr/service_linked_roles.py. Do not hand-edit: run
# `make slr-table` to regenerate, or `make slr-check` to see what drifted.
#
# Neither column can be derived from the principal. Capitalising the principal gives the
# wrong name for 125 of these 144 services, and the API Reference says only that
# "some services do not support the CustomSuffix parameter" without listing which.
#
# Suffix support is only ever known from a recorded create: `unknown` means no recording
# covers it, and CreateServiceLinkedRole keeps taking a suffix there rather than refusing
# on an inference. Source is the authority the row rests on, weakest last:
#
#   recording         an AWS-validated create response, and the only source for suffix
#   policy-documents  a role ARN in vendored AWS managed policy documents, name only
#   docs              AWS's own service-linked role page for that service, cited in
#                     DOCUMENTED in the generator so the claim can be rechecked
#
# 144 services: 3 docs, 70 policy-documents, 71 recording / suffix 3 allowed, 68 refused, 73 unknown
# recordings: bedf7cb0bdd1fbd9113a4aab0bd849b71db3a6987ab28836948b8fbb16712e01 (sha256 of the LocalStack tests/aws/services/iam/test_iam.snapshot.json the recording rows came from)
access-analyzer.amazonaws.com	AWSServiceRoleForAccessAnalyzer	unknown	policy-documents
accountdiscovery.ssm.amazonaws.com	AWSServiceRoleForAmazonSSM_AccountDiscovery	refused	recording
acm.amazonaws.com	AWSServiceRoleForCertificateManager	refused	recording
aco-automation.amazonaws.com	AWSServiceRoleForComputeOptimizerAutomation	unknown	policy-documents
agent-registry.amazonaws.com	AWSServiceRoleForAgentRegistry	unknown	policy-documents
airflow-serverless.amazonaws.com	AWSServiceRoleForAmazonMWAAServerless	unknown	policy-documents
airflow.amazonaws.com	AWSServiceRoleForAmazonMWAA	unknown	policy-documents
apidestinations.events.amazonaws.com	AWSServiceRoleForAmazonEventBridgeApiDestinations	unknown	policy-documents
appfabric.amazonaws.com	AWSServiceRoleForAppFabric	unknown	policy-documents
application-insights.amazonaws.com	AWSServiceRoleForApplicationInsights	unknown	policy-documents
application-signals.cloudwatch.amazonaws.com	AWSServiceRoleForCloudWatchApplicationSignals	unknown	policy-documents
appmesh.amazonaws.com	AWSServiceRoleForAppMesh	refused	recording
apprunner.amazonaws.com	AWSServiceRoleForAppRunner	unknown	policy-documents
appstream.application-autoscaling.amazonaws.com	AWSServiceRoleForApplicationAutoScaling_AppStreamFleet	unknown	policy-documents
artifact.amazonaws.com	AWSServiceRoleForArtifact	unknown	policy-documents
autoscaling-plans.amazonaws.com	AWSServiceRoleForAutoScalingPlans_EC2AutoScaling	refused	recording
autoscaling.amazonaws.com	AWSServiceRoleForAutoScaling	allowed	recording
backup.amazonaws.com	AWSServiceRoleForBackup	refused	recording
batch.amazonaws.com	AWSServiceRoleForBatch	refused	recording
bedrock-agentcore.amazonaws.com	AWSServiceRoleForBedrockAgentCoreGatewayNetwork	unknown	policy-documents
bugbust.amazonaws.com	AWSServiceRoleForBugBust	unknown	policy-documents
cassandra-streams.amazonaws.com	AWSServiceRoleForAmazonKeyspacesCDC	unknown	policy-documents
cassandra.application-autoscaling.amazonaws.com	AWSServiceRoleForApplicationAutoScaling_CassandraTable	refused	recording
channels.lex.amazonaws.com	AWSServiceRoleForLexChannels	unknown	policy-documents
chime.amazonaws.com	AWSServiceRoleForAmazonChime	unknown	policy-documents
cks.kms.amazonaws.com	AWSServiceRoleForKeyManagementServiceCustomKeyStores	refused	recording
cloud9.amazonaws.com	AWSServiceRoleForAWSCloud9	unknown	docs
cloudtrail.amazonaws.com	AWSServiceRoleForCloudTrail	refused	recording
codeguru-reviewer.amazonaws.com	AWSServiceRoleForAmazonCodeGuruReviewer	unknown	policy-documents
codestar-notifications.amazonaws.com	AWSServiceRoleForCodeStarNotifications	refused	recording
compute-optimizer.amazonaws.com	AWSServiceRoleForComputeOptimizer	unknown	policy-documents
config-conforms.amazonaws.com	AWSServiceRoleForConfigConforms	unknown	policy-documents
config.amazonaws.com	AWSServiceRoleForConfig	refused	recording
connect.amazonaws.com	AWSServiceRoleForAmazonConnect	allowed	recording
cost-optimization-hub.bcm.amazonaws.com	AWSServiceRoleForCostOptimizationHub	unknown	policy-documents
datasync.amazonaws.com	AWSServiceRoleForDataSync	unknown	policy-documents
delivery.logs.amazonaws.com	AWSServiceRoleForLogDelivery	unknown	policy-documents
devops-guru.amazonaws.com	AWSServiceRoleForDevOpsGuru	unknown	policy-documents
dms-fleet-advisor.amazonaws.com	AWSServiceRoleForDMSFleetAdvisor	refused	recording
dms.amazonaws.com	AWSServiceRoleForDMSServerless	refused	recording
docdb-elastic.amazonaws.com	AWSServiceRoleForDocDB-Elastic	refused	recording
dynamodb.application-autoscaling.amazonaws.com	AWSServiceRoleForApplicationAutoScaling_DynamoDBTable	unknown	policy-documents
ec2-instance-connect.amazonaws.com	AWSServiceRoleForEc2InstanceConnect	refused	recording
ec2.application-autoscaling.amazonaws.com	AWSServiceRoleForApplicationAutoScaling_EC2SpotFleetRequest	refused	recording
ec2fastlaunch.amazonaws.com	AWSServiceRoleForEC2FastLaunch	unknown	policy-documents
ecr.amazonaws.com	AWSServiceRoleForECRTemplate	refused	recording
ecs.amazonaws.com	AWSServiceRoleForECS	refused	recording
eks-connector.amazonaws.com	AWSServiceRoleForAmazonEKSConnector	refused	recording
eks-fargate.amazonaws.com	AWSServiceRoleForAmazonEKSForFargate	refused	recording
eks-nodegroup.amazonaws.com	AWSServiceRoleForAmazonEKSNodegroup	refused	recording
eks.amazonaws.com	AWSServiceRoleForAmazonEKS	refused	recording
elasticache.amazonaws.com	AWSServiceRoleForElastiCache	refused	recording
elasticbeanstalk.amazonaws.com	AWSServiceRoleForElasticBeanstalk	refused	recording
elasticfilesystem.amazonaws.com	AWSServiceRoleForAmazonElasticFileSystem	refused	recording
elasticloadbalancing.amazonaws.com	AWSServiceRoleForElasticLoadBalancing	refused	recording
elasticmapreduce.amazonaws.com	AWSServiceRoleForEMRCleanup	unknown	policy-documents
email.cognito-idp.amazonaws.com	AWSServiceRoleForAmazonCognitoIdpEmailService	refused	recording
emr-containers.amazonaws.com	AWSServiceRoleForAmazonEMRContainers	refused	recording
emrwal.amazonaws.com	AWSServiceRoleForEMRWAL	refused	recording
fis.amazonaws.com	AWSServiceRoleForFIS	refused	recording
fms.amazonaws.com	AWSServiceRoleForFMS	unknown	policy-documents
grafana.amazonaws.com	AWSServiceRoleForAmazonGrafana	refused	recording
guardduty.amazonaws.com	AWSServiceRoleForAmazonGuardDuty	unknown	docs
imagebuilder.amazonaws.com	AWSServiceRoleForImageBuilder	refused	recording
inspector.amazonaws.com	AWSServiceRoleForAmazonInspector	unknown	policy-documents
internetmonitor.amazonaws.com	AWSServiceRoleForInternetMonitor	unknown	policy-documents
iotmanagedintegrations.amazonaws.com	AWSServiceRoleForIoTManagedIntegrations	refused	recording
justintimeaccess.ssm.amazonaws.com	AWSServiceRoleForSystemsManagerJustInTimeAccess	unknown	policy-documents
kafka.amazonaws.com	AWSServiceRoleForKafka	refused	recording
kafkaconnect.amazonaws.com	AWSServiceRoleForKafkaConnect	refused	recording
lakeformation.amazonaws.com	AWSServiceRoleForLakeFormationDataAccess	refused	recording
lambda.amazonaws.com	AWSServiceRoleForLambda	unknown	policy-documents
lex.amazonaws.com	AWSServiceRoleForLexBots	refused	recording
lexv2.amazonaws.com	AWSServiceRoleForLexV2Bots	allowed	recording
license-management.marketplace.amazonaws.com	AWSServiceRoleForMarketplaceLicenseManagement	unknown	policy-documents
license-manager.member-account.amazonaws.com	AWSServiceRoleForAWSLicenseManagerMemberAccountRole	unknown	policy-documents
lightsail.amazonaws.com	AWSServiceRoleForLightsail	refused	recording
m2.amazonaws.com	AWSServiceRoleForAWSM2	refused	recording
macie.amazonaws.com	AWSServiceRoleForAmazonMacie	unknown	policy-documents
malware-protection.guardduty.amazonaws.com	AWSServiceRoleForAmazonGuardDutyMalwareProtection	unknown	docs
memorydb.amazonaws.com	AWSServiceRoleForMemoryDB	refused	recording
monitoring.thinclient.amazonaws.com	AWSServiceRoleForAmazonWorkSpacesThinClientMonitoring	unknown	policy-documents
mq.amazonaws.com	AWSServiceRoleForAmazonMQ	refused	recording
mrk.kms.amazonaws.com	AWSServiceRoleForKeyManagementServiceMultiRegionKeys	refused	recording
neptune-graph.amazonaws.com	AWSServiceRoleForNeptuneGraph	unknown	policy-documents
network-firewall.amazonaws.com	AWSServiceRoleForNetworkFirewall	unknown	policy-documents
network.bedrock-agentcore.amazonaws.com	AWSServiceRoleForBedrockAgentCoreNetwork	unknown	policy-documents
notifications.amazonaws.com	AWSServiceRoleForAwsUserNotifications	refused	recording
notifications.ssm.amazonaws.com	AWSServiceRoleForSystemsManagerNotifications	unknown	policy-documents
observability.aoss.amazonaws.com	AWSServiceRoleForAmazonOpenSearchServerless	refused	recording
opensearchservice.amazonaws.com	AWSServiceRoleForAmazonOpenSearchService	refused	recording
ops.apigateway.amazonaws.com	AWSServiceRoleForAPIGateway	refused	recording
ops.athena.amazonaws.com	AWSServiceRoleForAmazonAthena	unknown	policy-documents
ops.emr-serverless.amazonaws.com	AWSServiceRoleForAmazonEMRServerless	refused	recording
opsdatasync.ssm.amazonaws.com	AWSServiceRoleForSystemsManagerOpsDataSync	refused	recording
opsinsights.ssm.amazonaws.com	AWSServiceRoleForAmazonSSM_OpsInsights	refused	recording
orgsdatasync.servicecatalog.amazonaws.com	AWSServiceRoleForServiceCatalogOrgsDataSync	unknown	policy-documents
osis.amazonaws.com	AWSServiceRoleForAmazonOpenSearchIngestionService	unknown	policy-documents
private-marketplace.marketplace.amazonaws.com	AWSServiceRoleForPrivateMarketplaceAdmin	unknown	policy-documents
pullthroughcache.ecr.amazonaws.com	AWSServiceRoleForECRPullThroughCache	refused	recording
ram.amazonaws.com	AWSServiceRoleForResourceAccessManager	refused	recording
rds.amazonaws.com	AWSServiceRoleForRDS	refused	recording
redshift.amazonaws.com	AWSServiceRoleForRedshift	refused	recording
remediation.config.amazonaws.com	AWSServiceRoleForConfigRemediation	unknown	policy-documents
replication.cassandra.amazonaws.com	AWSServiceRoleForKeyspacesReplication	refused	recording
replication.ecr.amazonaws.com	AWSServiceRoleForECRReplication	refused	recording
reporting.trustedadvisor.amazonaws.com	AWSServiceRoleForTrustedAdvisorReporting	unknown	policy-documents
repository.sync.codeconnections.amazonaws.com	AWSServiceRoleForGitSync	refused	recording
resource-explorer-2.amazonaws.com	AWSServiceRoleForResourceExplorer	refused	recording
rolesanywhere.amazonaws.com	AWSServiceRoleForRolesAnywhere	refused	recording
route53resolver.amazonaws.com	AWSServiceRoleForRoute53Resolver	unknown	policy-documents
rum.amazonaws.com	AWSServiceRoleForRealUserMonitoring	unknown	policy-documents
runtime-identity.bedrock-agentcore.amazonaws.com	AWSServiceRoleForBedrockAgentCoreRuntimeIdentity	unknown	policy-documents
runtime-instances.bedrock-agentcore.amazonaws.com	AWSServiceRoleForBedrockAgentCoreRuntimeInstances	unknown	policy-documents
s3-outposts.amazonaws.com	AWSServiceRoleForS3OnOutposts	refused	recording
sagemaker.amazonaws.com	AWSServiceRoleForAmazonSageMakerNotebooks	unknown	policy-documents
sagemaker.application-autoscaling.amazonaws.com	AWSServiceRoleForApplicationAutoScaling_SageMakerEndpoint	unknown	policy-documents
schemas.amazonaws.com	AWSServiceRoleForSchemas	unknown	policy-documents
sdmp.amazonaws.com	AWSServiceRoleForSDMP	unknown	policy-documents
security-ir.amazonaws.com	AWSServiceRoleForSecurityIncidentResponse	unknown	policy-documents
securitylake.amazonaws.com	AWSServiceRoleForSecurityLake	unknown	policy-documents
servicecatalog-appregistry.amazonaws.com	AWSServiceRoleForAWSServiceCatalogAppRegistry	unknown	policy-documents
servicequotas.amazonaws.com	AWSServiceRoleForServiceQuotas	unknown	policy-documents
ses.amazonaws.com	AWSServiceRoleForAmazonSES	refused	recording
shield.amazonaws.com	AWSServiceRoleForAWSShield	refused	recording
spot.amazonaws.com	AWSServiceRoleForEC2Spot	unknown	policy-documents
ssm-incidents.amazonaws.com	AWSServiceRoleForIncidentManager	refused	recording
ssm-quicksetup.amazonaws.com	AWSServiceRoleForSSMQuickSetup	refused	recording
ssm-sap.amazonaws.com	AWSServiceRoleForAWSSSMForSAP	unknown	policy-documents
ssm.amazonaws.com	AWSServiceRoleForAmazonSSM	refused	recording
sso.amazonaws.com	AWSServiceRoleForSSO	refused	recording
support.amazonaws.com	AWSServiceRoleForSupport	unknown	policy-documents
supportplans.amazonaws.com	AWSServiceRoleForSupportPlans	unknown	policy-documents
sync.proton.amazonaws.com	AWSServiceRoleForProtonSync	unknown	policy-documents
thirdparty.config.amazonaws.com	AWSServiceRoleForConfigThirdParty	unknown	policy-documents
timestream-influxdb.amazonaws.com	AWSServiceRoleForTimestreamInfluxDB	unknown	policy-documents
transform-custom.amazonaws.com	AWSServiceRoleForAWSTransformCustom	unknown	policy-documents
transitgateway.amazonaws.com	AWSServiceRoleForVPCTransitGateway	unknown	policy-documents
triage.security-ir.amazonaws.com	AWSServiceRoleForSecurityIncidentResponse_Triage	unknown	policy-documents
user-attribute-cost-allocation-data.amazonaws.com	AWSServiceRoleForUserAttributeCostAllocation	unknown	policy-documents
vpc-lattice.amazonaws.com	AWSServiceRoleForVpcLattice	unknown	policy-documents
vpcorigin.cloudfront.amazonaws.com	AWSServiceRoleForCloudFrontVPCOrigin	refused	recording
waf.amazonaws.com	AWSServiceRoleForWAFLogging	refused	recording
wafv2.amazonaws.com	AWSServiceRoleForWAFV2Logging	refused	recording
