# category	path	count
# Generated by tools/partition/partition_literals.py --write-baseline; do not hand-edit.
arn-literal	src/main/java/io/github/hectorvent/floci/core/common/IamEnforcementFilter.java	8
arn-literal	src/main/java/io/github/hectorvent/floci/services/apigateway/ApiGatewayController.java	2
arn-literal	src/main/java/io/github/hectorvent/floci/services/apigateway/ExecuteApiSigV4Authorizer.java	1
arn-literal	src/main/java/io/github/hectorvent/floci/services/applicationautoscaling/ApplicationAutoScalingService.java	1
arn-literal	src/main/java/io/github/hectorvent/floci/services/appsync/graphql/auth/IamAuthValidator.java	1
arn-literal	src/main/java/io/github/hectorvent/floci/services/bedrockagentcorecontrol/BedrockAgentCoreCredentialProviderService.java	4
arn-literal	src/main/java/io/github/hectorvent/floci/services/bedrockagentcorecontrol/BedrockAgentCoreToolsService.java	1
arn-literal	src/main/java/io/github/hectorvent/floci/services/cloudformation/SamTransformProcessor.java	3
arn-literal	src/main/java/io/github/hectorvent/floci/services/cloudformation/provisioners/ApiGatewayDomainCfnProvisioner.java	1
arn-literal	src/main/java/io/github/hectorvent/floci/services/cloudformation/provisioners/CfnResourceDispatcher.java	1
arn-literal	src/main/java/io/github/hectorvent/floci/services/cloudformation/provisioners/CodeBuildCfnProvisioner.java	1
arn-literal	src/main/java/io/github/hectorvent/floci/services/cloudformation/provisioners/RedshiftClusterCfnProvisioner.java	1
arn-literal	src/main/java/io/github/hectorvent/floci/services/cloudhsmv2/CloudHsmV2JsonHandler.java	1
arn-literal	src/main/java/io/github/hectorvent/floci/services/cloudtrail/CloudTrailService.java	7
arn-literal	src/main/java/io/github/hectorvent/floci/services/cloudwatch/logs/CloudWatchLogsCrossAccountService.java	1
arn-literal	src/main/java/io/github/hectorvent/floci/services/cloudwatch/logs/CloudWatchLogsService.java	1
arn-literal	src/main/java/io/github/hectorvent/floci/services/codeartifact/CodeArtifactController.java	1
arn-literal	src/main/java/io/github/hectorvent/floci/services/cognito/CognitoService.java	1
arn-literal	src/main/java/io/github/hectorvent/floci/services/connect/ConnectService.java	1
arn-literal	src/main/java/io/github/hectorvent/floci/services/controlcatalog/ControlCatalogService.java	1
arn-literal	src/main/java/io/github/hectorvent/floci/services/controltower/ControlTowerControlService.java	1
arn-literal	src/main/java/io/github/hectorvent/floci/services/controltower/ControlTowerService.java	4
arn-literal	src/main/java/io/github/hectorvent/floci/services/controltower/SeededLandingZoneFactory.java	2
arn-literal	src/main/java/io/github/hectorvent/floci/services/datasync/DataSyncService.java	1
arn-literal	src/main/java/io/github/hectorvent/floci/services/detective/DetectiveService.java	1
arn-literal	src/main/java/io/github/hectorvent/floci/services/ec2/Ec2IpamService.java	3
arn-literal	src/main/java/io/github/hectorvent/floci/services/ec2/Ec2Service.java	1
arn-literal	src/main/java/io/github/hectorvent/floci/services/ecs/EcsService.java	1
arn-literal	src/main/java/io/github/hectorvent/floci/services/eks/EksClusterManager.java	1
arn-literal	src/main/java/io/github/hectorvent/floci/services/eks/EksWorkerAuthentication.java	2
arn-literal	src/main/java/io/github/hectorvent/floci/services/elasticache/ElastiCacheQueryHandler.java	2
arn-literal	src/main/java/io/github/hectorvent/floci/services/emrserverless/EmrServerlessService.java	1
arn-literal	src/main/java/io/github/hectorvent/floci/services/guardduty/GuardDutyService.java	1
arn-literal	src/main/java/io/github/hectorvent/floci/services/iam/AwsManagedPolicies.java	1
arn-literal	src/main/java/io/github/hectorvent/floci/services/iam/IamPolicyEvaluator.java	4
arn-literal	src/main/java/io/github/hectorvent/floci/services/iam/IamService.java	1
arn-literal	src/main/java/io/github/hectorvent/floci/services/iam/SAMLAssertionVerifier.java	2
arn-literal	src/main/java/io/github/hectorvent/floci/services/iam/SAMLProviderService.java	2
arn-literal	src/main/java/io/github/hectorvent/floci/services/kinesisanalytics/KinesisAnalyticsV2JsonHandler.java	2
arn-literal	src/main/java/io/github/hectorvent/floci/services/kinesisanalytics/container/FlinkContainerManager.java	1
arn-literal	src/main/java/io/github/hectorvent/floci/services/kms/KmsService.java	1
arn-literal	src/main/java/io/github/hectorvent/floci/services/lambda/LambdaController.java	1
arn-literal	src/main/java/io/github/hectorvent/floci/services/lambda/LambdaLayerService.java	3
arn-literal	src/main/java/io/github/hectorvent/floci/services/lambdamicrovms/LambdaMicrovmsController.java	3
arn-literal	src/main/java/io/github/hectorvent/floci/services/lambdamicrovms/LambdaMicrovmsService.java	3
arn-literal	src/main/java/io/github/hectorvent/floci/services/macie2/MacieController.java	1
arn-literal	src/main/java/io/github/hectorvent/floci/services/macie2/MacieService.java	1
arn-literal	src/main/java/io/github/hectorvent/floci/services/marketplace/MarketplaceDeploymentService.java	1
arn-literal	src/main/java/io/github/hectorvent/floci/services/marketplace/MarketplaceMeteringService.java	1
arn-literal	src/main/java/io/github/hectorvent/floci/services/marketplace/MarketplaceReportingService.java	1
arn-literal	src/main/java/io/github/hectorvent/floci/services/marketplace/MarketplaceService.java	1
arn-literal	src/main/java/io/github/hectorvent/floci/services/networkfirewall/NetworkFirewallService.java	1
arn-literal	src/main/java/io/github/hectorvent/floci/services/oam/OamService.java	1
arn-literal	src/main/java/io/github/hectorvent/floci/services/ram/RamService.java	2
arn-literal	src/main/java/io/github/hectorvent/floci/services/rds/RdsService.java	1
arn-literal	src/main/java/io/github/hectorvent/floci/services/rds/proxy/RdsSigV4Validator.java	1
arn-literal	src/main/java/io/github/hectorvent/floci/services/redshift/RedshiftService.java	1
arn-literal	src/main/java/io/github/hectorvent/floci/services/redshiftdata/RedshiftDataResourceResolver.java	1
arn-literal	src/main/java/io/github/hectorvent/floci/services/resourceexplorer2/ResourceExplorer2Service.java	2
arn-literal	src/main/java/io/github/hectorvent/floci/services/route53resolver/Route53ResolverService.java	5
arn-literal	src/main/java/io/github/hectorvent/floci/services/s3/S3ControlController.java	2
arn-literal	src/main/java/io/github/hectorvent/floci/services/s3/S3PublicAccessEvaluator.java	1
arn-literal	src/main/java/io/github/hectorvent/floci/services/s3/S3ResourcePolicyProvider.java	2
arn-literal	src/main/java/io/github/hectorvent/floci/services/s3/S3Service.java	4
arn-literal	src/main/java/io/github/hectorvent/floci/services/sagemaker/SageMakerService.java	1
arn-literal	src/main/java/io/github/hectorvent/floci/services/securityhub/SecurityHubService.java	4
arn-literal	src/main/java/io/github/hectorvent/floci/services/servicecatalog/ServiceCatalogService.java	7
arn-literal	src/main/java/io/github/hectorvent/floci/services/servicequotas/ServiceQuotasService.java	2
arn-literal	src/main/java/io/github/hectorvent/floci/services/ses/SesService.java	1
arn-literal	src/main/java/io/github/hectorvent/floci/services/ses/SesTenantService.java	1
arn-literal	src/main/java/io/github/hectorvent/floci/services/signin/SigninService.java	3
arn-literal	src/main/java/io/github/hectorvent/floci/services/ssm/SsmService.java	3
arn-literal	src/main/java/io/github/hectorvent/floci/services/stepfunctions/AslExecutor.java	32
arn-literal	src/main/java/io/github/hectorvent/floci/services/stepfunctions/StepFunctionsService.java	3
arn-literal	src/main/java/io/github/hectorvent/floci/services/swf/SwfService.java	1
arn-literal	src/main/java/io/github/hectorvent/floci/services/verifiedpermissions/VerifiedPermissionsService.java	2
arn-regex-dialect	src/main/java/io/github/hectorvent/floci/services/apigateway/ApiGatewayExecuteController.java	1
arn-regex-dialect	src/main/java/io/github/hectorvent/floci/services/bedrockagentcorecontrol/BedrockAgentCoreGatewayRuleService.java	3
arn-regex-dialect	src/main/java/io/github/hectorvent/floci/services/bedrockagentcorecontrol/BedrockAgentCoreToolsService.java	1
arn-regex-dialect	src/main/java/io/github/hectorvent/floci/services/budgets/BudgetsService.java	2
arn-regex-dialect	src/main/java/io/github/hectorvent/floci/services/ce/CostAnomalyService.java	1
arn-regex-dialect	src/main/java/io/github/hectorvent/floci/services/controltower/ControlTowerControlService.java	1
arn-regex-dialect	src/main/java/io/github/hectorvent/floci/services/controltower/ControlTowerService.java	1
arn-regex-dialect	src/main/java/io/github/hectorvent/floci/services/ecr/EcrService.java	1
arn-regex-dialect	src/main/java/io/github/hectorvent/floci/services/firehose/ProcessingConfigurationValidator.java	1
arn-regex-dialect	src/main/java/io/github/hectorvent/floci/services/kms/KmsService.java	2
arn-regex-dialect	src/main/java/io/github/hectorvent/floci/services/lambda/LambdaService.java	1
arn-regex-dialect	src/main/java/io/github/hectorvent/floci/services/ses/SesReceiptRuleService.java	2
arn-regex-dialect	src/main/java/io/github/hectorvent/floci/services/ssoadmin/SsoAdminService.java	9
arn-regex-dialect	src/main/java/io/github/hectorvent/floci/services/ssooidc/SsoOidcService.java	1
arn-regex-dialect	src/main/java/io/github/hectorvent/floci/services/timestreaminfluxdb/TimestreamInfluxDbValidation.java	1
dns-suffix	src/main/java/io/github/hectorvent/floci/config/EmulatorConfig.java	2
dns-suffix	src/main/java/io/github/hectorvent/floci/core/common/AwsRegions.java	1
dns-suffix	src/main/java/io/github/hectorvent/floci/services/account/AccountService.java	1
dns-suffix	src/main/java/io/github/hectorvent/floci/services/apigateway/ApiGatewayExecuteApiHostFilter.java	1
dns-suffix	src/main/java/io/github/hectorvent/floci/services/apigateway/ApiGatewayExecuteController.java	4
dns-suffix	src/main/java/io/github/hectorvent/floci/services/apigateway/ApiGatewayService.java	1
dns-suffix	src/main/java/io/github/hectorvent/floci/services/apigatewayv2/ApiGatewayV2Service.java	2
dns-suffix	src/main/java/io/github/hectorvent/floci/services/apigatewayv2/websocket/WebSocketProxyEventBuilder.java	1
dns-suffix	src/main/java/io/github/hectorvent/floci/services/applicationautoscaling/ApplicationAutoScalingService.java	1
dns-suffix	src/main/java/io/github/hectorvent/floci/services/appsync/AppSyncService.java	1
dns-suffix	src/main/java/io/github/hectorvent/floci/services/aps/ApsService.java	1
dns-suffix	src/main/java/io/github/hectorvent/floci/services/bedrockagentcorecontrol/BedrockAgentCoreCredentialProviderService.java	1
dns-suffix	src/main/java/io/github/hectorvent/floci/services/bedrockagentcorecontrol/BedrockAgentCoreGatewayService.java	1
dns-suffix	src/main/java/io/github/hectorvent/floci/services/cloudformation/CloudFormationService.java	1
dns-suffix	src/main/java/io/github/hectorvent/floci/services/cloudformation/CloudFormationTemplateEngine.java	1
dns-suffix	src/main/java/io/github/hectorvent/floci/services/cloudformation/SamTransformProcessor.java	4
dns-suffix	src/main/java/io/github/hectorvent/floci/services/cloudformation/StackSetService.java	1
dns-suffix	src/main/java/io/github/hectorvent/floci/services/cloudformation/provisioners/CognitoCfnProvisioner.java	1
dns-suffix	src/main/java/io/github/hectorvent/floci/services/cloudformation/provisioners/S3CfnProvisioner.java	4
dns-suffix	src/main/java/io/github/hectorvent/floci/services/cloudtrail/CloudTrailLogWriter.java	1
dns-suffix	src/main/java/io/github/hectorvent/floci/services/cloudtrail/CloudTrailService.java	5
dns-suffix	src/main/java/io/github/hectorvent/floci/services/cognito/CognitoService.java	1
dns-suffix	src/main/java/io/github/hectorvent/floci/services/connect/ConnectService.java	1
dns-suffix	src/main/java/io/github/hectorvent/floci/services/ec2/Ec2QueryHandler.java	1
dns-suffix	src/main/java/io/github/hectorvent/floci/services/ecr/EcrService.java	1
dns-suffix	src/main/java/io/github/hectorvent/floci/services/eks/EksOidcService.java	2
dns-suffix	src/main/java/io/github/hectorvent/floci/services/eks/EksPodIdentityCredentialsController.java	1
dns-suffix	src/main/java/io/github/hectorvent/floci/services/eks/EksPodIdentityWebhook.java	2
dns-suffix	src/main/java/io/github/hectorvent/floci/services/emr/EmrHandler.java	1
dns-suffix	src/main/java/io/github/hectorvent/floci/services/guardduty/GuardDutyService.java	1
dns-suffix	src/main/java/io/github/hectorvent/floci/services/iam/IamService.java	6
dns-suffix	src/main/java/io/github/hectorvent/floci/services/iam/SAMLAssertionVerifier.java	1
dns-suffix	src/main/java/io/github/hectorvent/floci/services/iam/StsQueryHandler.java	2
dns-suffix	src/main/java/io/github/hectorvent/floci/services/macie2/MacieController.java	1
dns-suffix	src/main/java/io/github/hectorvent/floci/services/ram/RamController.java	2
dns-suffix	src/main/java/io/github/hectorvent/floci/services/s3/S3Service.java	1
dns-suffix	src/main/java/io/github/hectorvent/floci/services/s3/S3VirtualHostFilter.java	1
dns-suffix	src/main/java/io/github/hectorvent/floci/services/signin/SigninService.java	1
dns-suffix	src/main/java/io/github/hectorvent/floci/services/ssoportal/SsoPortalService.java	1
dns-suffix	src/main/java/io/github/hectorvent/floci/services/stepfunctions/AslExecutor.java	1
dns-suffix	src/main/java/io/github/hectorvent/floci/services/verifiedpermissions/VerifiedPermissionsService.java	1
dns-suffix	src/main/java/io/github/hectorvent/floci/tools/ami/AmiImageTool.java	1
hosted-zone-id	src/main/java/io/github/hectorvent/floci/services/apigateway/ApiGatewayService.java	2
hosted-zone-id	src/main/java/io/github/hectorvent/floci/services/elb/ElbClassicService.java	1
hosted-zone-id	src/main/java/io/github/hectorvent/floci/services/elbv2/ElbV2Service.java	1
